"BBMO ID","ARGES ID","Short gene name","% identity","Alignment length","Mismatches","Gap openings","Query start","Query end","Target start","Target end","E-value","Bits"
"BL090113.k127_1843906.mgm_1964422","AMRG.gc.v3.gene_3193","tetK",1,1290,0,0,1,1290,91,1380,0,2313
"BL090421.k127_2233457.mgm_2669700","AMRG.gc.v3.gene_11122","araC",1,1005,0,0,1005,1,1,1005,0,1802
"BL090609.k127_355995.mgm_465803","AMRG.gc.v3.gene_8711","sul1",1,867,0,0,867,1,1,867,0,1555
"BL090609.k127_738025.mgm_948134","AMRG.gc.v3.gene_7004","tnpA",1,795,0,0,795,1,1,795,0,1426
"BL090721.k127_613556_1.pro_357924","AMRG.gc.v3.gene_7329","intI1",1,1014,0,0,1,1014,1,1014,0,1818
"BL090915.k127_3141403.mgm_3183768","AMRG.gc.v3.gene_9496","tnpA",1,591,0,0,1,591,1,591,0,1060
"BL091105.k127_34309.mgm_46172","AMRG.gc.v3.gene_5716","aph(3)",1,804,0,0,1,804,1,804,0,1442
"BL091105.k127_34309.mgm_46173","AMRG.gc.v3.gene_3191","aph(6)",1,837,0,0,1,837,1,837,0,1501
"BL091222.k127_1073772.mgm_1362602","AMRG.gc.v3.gene_9747","HP",1,561,0,0,1,561,1,561,0,1007
"BL091222.k127_1574601.mgm_1888502","AMRG.gc.v3.gene_3380","aadA2",1,792,0,0,1,792,1,792,0,1420
"BL091222.k127_2204024_2.pro_1164172","AMRG.gc.v3.gene_11121","tniC",1,639,0,0,639,1,1,639,0,1146
"BL091222.k127_3937440_1.pro_2065239","AMRG.gc.v3.gene_3486","aad9",1,777,0,0,1,777,1,777,0,1394
"BL091222.k127_3963406.mgm_4515959","AMRG.gc.v3.gene_5492","tetR",1,651,0,0,28,678,1,651,0,1168
"BL091222.k127_4174678.mgm_4757614","AMRG.gc.v3.gene_11116","tniQ",1,1218,0,0,1218,1,1,1218,0,2184
"BL091222.k127_4455940_1.pro_2317217","AMRG.gc.v3.gene_4535","smr2",1,318,0,0,1,318,1,318,1.767e-174,571
"BL091222.k127_5057716.mgm_5756014","AMRG.gc.v3.gene_3611","Lnu(AN2)",1,513,0,0,1,513,1,513,9.094e-285,921
"BL091222.k127_5211903_1.pro_2675627","AMRG.gc.v3.gene_3417","blaOXA-58",1,843,0,0,1,843,1,843,0,1512
"BL091222.k127_5638333_1.pro_2871793","AMRG.gc.v3.gene_3451","dfrF",1,495,0,0,1,495,1,495,1.373e-274,888
"BL091222.k127_5716498.mgm_6490707","AMRG.gc.v3.gene_7369","tnpA",1,1251,0,0,1251,1,1,1251,0,2243
"BL091222.k127_5839036_1.pro_2963538","AMRG.gc.v3.gene_9549","tnpA",1,948,0,0,1,948,1,948,0,1700
"BL091222.k127_6034477_1.pro_3053067","AMRG.gc.v3.gene_2690","blaOXA-796",1,831,0,0,46,876,1,831,0,1490
"BL091222.k127_6053590_1.pro_3061934","AMRG.gc.v3.gene_3598","dfrA14",1,459,0,0,1,459,16,474,3.137e-254,824
"BL091222.k127_6053590_2.pro_3061935","AMRG.gc.v3.gene_9184","HP",1,285,0,0,285,1,1,285,8.247e-156,512
"BL091222.k127_6249627_1.pro_3151214","AMRG.gc.v3.gene_3313","sul2",1,816,0,0,1,816,1,816,0,1463
"BL091222.k127_6342069.mgm_7185014","AMRG.gc.v3.gene_7597","bla(NPS-1)",1,783,0,0,1,783,1,783,0,1404
"BL091222.k127_866330.mgm_1104713","AMRG.gc.v3.gene_4961","aadA27",1,789,0,0,4,792,1,789,0,1415
"BL100217.k127_1179940_1.pro_505969","AMRG.gc.v3.gene_10059","strA",1,384,0,0,17,400,1,384,3.201e-208,689
"BL100217.k127_1179940.mgm_1111179","AMRG.gc.v3.gene_6285","aph(3)",1,468,0,0,1,468,25,492,2.551e-259,840
"BL100803.k127_1391631_1.pro_773072","AMRG.gc.v3.gene_5826","aadA27",1,786,0,0,1,786,1,786,0,1410
"BL100803.k127_1904721_2.pro_1003889","AMRG.gc.v3.gene_3154","mphE",1,885,0,0,1,885,1,885,0,1587
"BL100803.k127_2817305_2.pro_1440958","AMRG.gc.v3.gene_8970","mphR",1,1239,0,0,1239,1,1,1239,0,2221
"BL100803.k127_354398.mgm_447865","AMRG.gc.v3.gene_7691","dfrA14",1,483,0,0,1,483,1,483,8.392e-268,867
"BL100803.k127_3743148.mgm_4102754","AMRG.gc.v3.gene_3309","ermB",1,738,0,0,1,738,1,738,0,1324
"BL100803.k127_626067.mgm_782753","AMRG.gc.v3.gene_3375","aadE",1,867,0,0,1,867,1,867,0,1555
"BL101019.k127_1773616_4.pro_1162462","AMRG.gc.v3.gene_3650","tet39",1,1188,0,0,46,1233,1,1188,0,2130
"BL101019.k127_2424182.mgm_3092585","AMRG.gc.v3.gene_3252","blaOXA-10",1,801,0,0,1,801,1,801,0,1437
"BL110112.k127_1550974_3.pro_1000918","AMRG.gc.v3.gene_3146","msr",1,1476,0,0,1,1476,1,1476,0,2646
"BL110412.k127_1273989.mgm_1431358","AMRG.gc.v3.gene_3852","qacJ",1,324,0,0,1,324,1,324,7.13e-178,582
"BL110615.k127_1369036_1.pro_876627","AMRG.gc.v3.gene_9630","intI1",1,478,0,0,480,3,1,478,9.285e-265,858
"BL110913.k127_44065_2.pro_34427","AMRG.gc.v3.gene_3903","Lnu(A)",1,486,0,0,1,486,1,486,1.688e-269,872
"BL111010.k127_2958239.mgm_3414909","AMRG.gc.v3.gene_11146","qacE",1,257,0,0,1,257,1,257,1.576e-139,462
"BL120703.k127_1063928.mgm_1382615","AMRG.gc.v3.gene_9869","VapC",1,396,0,0,396,1,1,396,1.34e-218,711
"BL120703.k127_1535670.mgm_1929226","AMRG.gc.v3.gene_3340","qacC",1,315,0,0,1,315,1,315,8.798e-173,566
"BL120913.k127_1309650.mgm_1693488","AMRG.gc.v3.gene_8781","sul1",1,360,0,0,16,375,1,360,1.175e-196,646
"BL120913.k127_2014870_1.pro_1219257","AMRG.gc.v3.gene_3207","qacE",1,347,0,0,1,347,1,347,6.646e-189,623
"BL131015.k127_385211_1.pro_293099","AMRG.gc.v3.gene_9796","intI1",1,276,0,0,300,25,31,306,2.879e-148,496
"BL140211.k127_2110120.mgm_2333315","AMRG.gc.v3.gene_7678","sul1",1,666,0,0,1,666,1,666,0,1195
"BL150113.k127_3384318.mgm_4021683","AMRG.gc.v3.gene_3280","ant(4')-Ib",1,708,0,0,1,708,19,726,0,1270
"BL150113.k127_3842246.mgm_4550785","AMRG.gc.v3.gene_3203","fosD",1,420,0,0,37,456,1,420,1.446e-228,754
"BL150113.k127_4025921.mgm_4760707","AMRG.gc.v3.gene_3480","msrA",1,1467,0,0,1,1467,1,1467,0,2630
"BL150916.k127_2525405_1.pro_1493877","AMRG.gc.v3.gene_4442","qacH",1,324,0,0,1,324,1,324,7.13e-178,582
"BL151110.k127_268854_2.pro_211101","AMRG.gc.v3.gene_4089","qacG",1,324,0,0,1,324,1,324,7.13e-178,582
"BL091222.k127_1215176.mgm_1517919","AMRG.gc.v3.gene_4026","mefC",0.999,1224,1,0,1,1224,1,1224,0,2190
"BL091222.k127_2858963_1.pro_1517999","AMRG.gc.v3.gene_3774","tetX",0.999,1167,1,0,1,1167,1,1167,0,2088
"BL091222.k127_4174678.mgm_4757616","AMRG.gc.v3.gene_11118","tniA",0.999,1680,2,0,1680,1,1,1680,0,3007
"BL091222.k127_6056956_1.pro_3063432","AMRG.gc.v3.gene_8892","intI3",0.999,1041,1,0,1041,1,1,1041,0,1862
"BL101019.k127_906183_2.pro_625258","AMRG.gc.v3.gene_3250","tetC",0.999,1191,1,0,1,1191,1,1191,0,2131
"BL120703.k127_36480_1.pro_28475","AMRG.gc.v3.gene_7378","Tn3-like_element_IS3000_family_transposase",0.999,3018,3,0,3018,1,1,3018,0,5395
"BL131105.k127_522984.mgm_731893","AMRG.gc.v3.gene_3248","tetA",0.999,1200,1,0,1,1200,1,1200,0,2147
"BL090210.k127_2401297.mgm_2658675","AMRG.gc.v3.gene_3491","ermF",0.998,801,2,0,1,801,1,801,0,1432
"BL090210.k127_68309.mgm_86194","AMRG.gc.v3.gene_4029","ermG",0.998,735,1,0,1,735,1,735,0,1314
"BL090804.k127_1503515_2.pro_709277","AMRG.gc.v3.gene_2902","blaRTG-2",0.998,897,2,0,1,897,1,897,0,1604
"BL091222.k127_1066713_2.pro_667208","AMRG.gc.v3.gene_8842","aadA5",0.998,789,2,0,64,852,1,789,0,1411
"BL091222.k127_2469996_1.pro_1310645","AMRG.gc.v3.gene_4926","aadA11",0.998,846,2,0,1,846,1,846,0,1513
"BL091222.k127_3269903.mgm_3718390","AMRG.gc.v3.gene_11681","tniC",0.998,615,1,0,654,40,1,615,0,1099
"BL091222.k127_4164401_2.pro_2176408","AMRG.gc.v3.gene_3514","aadS",0.998,864,2,0,1,864,1,864,0,1545
"BL091222.k127_4236901_1.pro_2211793","AMRG.gc.v3.gene_11463","aacA4",0.998,519,1,0,1,519,1,519,1.775e-286,927
"BL091222.k127_5057716.mgm_5756015","AMRG.gc.v3.gene_346","mefB",0.998,1206,2,0,1,1206,1,1206,0,2153
"BL091222.k127_6034477.mgm_6844483","AMRG.gc.v3.gene_3156","catB3",0.998,633,1,0,1,633,1,633,0,1131
"BL100803.k127_3248031_1.pro_1633015","AMRG.gc.v3.gene_9633","aadA1",0.998,745,1,0,25,769,1,745,0,1332
"BL110112.k127_2151823.mgm_2686980","AMRG.gc.v3.gene_3275","blaOXA-2",0.998,828,2,0,1,828,1,828,0,1480
"BL110112.k127_2264097.mgm_2800840","AMRG.gc.v3.gene_3328","aph(3')-IIIA",0.998,795,2,0,1,795,1,795,0,1421
"BL120313.k127_1265461.mgm_1563998","AMRG.gc.v3.gene_3201","aph(3')-IIA",0.998,795,2,0,1,795,1,795,0,1421
"BL131015.k127_417111_21.pro_315071","AMRG.gc.v3.gene_4574","blaOXA-129",0.998,804,2,0,1,804,1,804,0,1437
"BL140310.k127_4631977.mgm_5203425","AMRG.gc.v3.gene_9924","aadA1",0.998,641,1,0,41,681,1,641,0,1145
"BL141216.k127_1409654.mgm_1853192","AMRG.gc.v3.gene_11299","tnpA",0.998,717,1,0,732,16,1,717,0,1282
"BL150113.k127_4349578_1.pro_2427648","AMRG.gc.v3.gene_3230","blaZ",0.998,846,2,0,1,846,1,846,0,1513
"BL150804.k127_473793_2.pro_329188","AMRG.gc.v3.gene_3621","blaOXA-283",0.998,831,2,0,1,831,1,831,0,1486
"BL090804.k127_412939.mgm_405200","AMRG.gc.v3.gene_7528","HP",0.997,423,1,0,1,423,1,423,3.478e-232,755
"BL091006.k127_1292839_2.pro_675087","AMRG.gc.v3.gene_11117","tniB",0.997,909,3,0,909,1,1,909,0,1621
"BL091105.k127_2021159.mgm_2558318","AMRG.gc.v3.gene_11043","tnp",0.997,1004,3,0,1,1004,1,1004,0,1787
"BL091105.k127_3608536.mgm_4255412","AMRG.gc.v3.gene_11180","IS1394",0.997,1033,3,0,1,1033,53,1085,0,1839
"BL091222.k127_390838.mgm_504034","AMRG.gc.v3.gene_3137","aphA1",0.997,816,2,0,1,816,1,816,0,1454
"BL091222.k127_6449151.mgm_7303870","AMRG.gc.v3.gene_4814","blaMOC-9",0.997,1152,3,0,1,1152,1,1152,0,2052
"BL100217.k127_3197654_2.pro_1520967","AMRG.gc.v3.gene_3948","tetL",0.997,1383,4,0,1,1383,1,1383,0,2466
"BL100803.k127_1394271.mgm_1602182","AMRG.gc.v3.gene_3487","tetW",0.997,1920,6,0,1,1920,1,1920,0,3419
"BL100914.k127_2160199.mgm_2743206","AMRG.gc.v3.gene_3564","bcrC",0.997,345,1,0,1,345,1,345,4.581e-188,615
"BL101019.k127_2788026.mgm_3455244","AMRG.gc.v3.gene_11133","tnpB",0.997,851,3,0,851,1,1,851,0,1517
"BL110112.k127_851705.mgm_1131682","AMRG.gc.v3.gene_7519","tnpA",0.997,1263,4,0,1,1263,1,1263,0,2251
"BL131015.k127_2256489_1.pro_1358633","AMRG.gc.v3.gene_9899","tnpA",0.997,1356,4,0,1,1356,1,1356,0,2417
"BL131105.k127_2371097.mgm_3043353","AMRG.gc.v3.gene_9874","sul1",0.997,379,1,0,28,406,1,379,2.157e-204,676
"BL140211.k127_3203551.mgm_3594764","AMRG.gc.v3.gene_9123","aadA1",0.997,359,1,0,1,359,1,359,6.625e-193,640
"BL141111.k127_333119.mgm_451162","AMRG.gc.v3.gene_3385","blaI",0.997,381,1,0,1,381,1,381,1.982e-208,680
"BL141216.k127_5537910.mgm_6555372","AMRG.gc.v3.gene_11494","intI1",0.997,396,1,0,399,4,1,396,1.362e-216,707
"BL090421.k127_2233457_2.pro_1312995","AMRG.gc.v3.gene_11123","HP",0.996,969,4,0,1,966,1,969,0,1713
"BL091222.k127_1215176.mgm_1517918","AMRG.gc.v3.gene_4025","mphG",0.996,885,4,0,1,885,1,885,0,1574
"BL091222.k127_1896252.mgm_2194748","AMRG.gc.v3.gene_1092","blaMOX-2",0.996,1149,5,0,1,1149,1,1149,0,2042
"BL091222.k127_1975519_1.pro_1074381","AMRG.gc.v3.gene_9469","intI2",0.996,978,4,0,978,1,1,978,0,1740
"BL091222.k127_3108898.mgm_3530769","AMRG.gc.v3.gene_9947","HP",0.996,285,1,0,1,285,1,285,4.033e-154,508
"BL091222.k127_3961011_1.pro_2076736","AMRG.gc.v3.gene_11286","dcyA",0.996,1083,4,0,1,1083,1,1083,0,1924
"BL091222.k127_5348918.mgm_6081494","AMRG.gc.v3.gene_10279","qacH",0.996,284,1,0,1,284,1,284,1.906e-153,506
"BL091222.k127_5738085.mgm_6515073","AMRG.gc.v3.gene_7123","tnpR",0.996,558,2,0,1,558,1,558,7.508e-307,992
"BL100803.k127_2141331_2.pro_1123441","AMRG.gc.v3.gene_3975","tetO",0.996,1920,8,0,1,1920,1,1920,0,3410
"BL100803.k127_3333836_1.pro_1670108","AMRG.gc.v3.gene_449","tetQ",0.996,1926,8,0,49,1974,1,1926,0,3425
"BL110112.k127_2011440.mgm_2545360","AMRG.gc.v3.gene_4068","qacF",0.996,333,1,0,7,339,1,333,1.228e-180,594
"BL111010.k127_2946618.mgm_3402109","AMRG.gc.v3.gene_10086","intI1",0.996,252,1,0,1,252,5,256,1.899e-135,449
"BL130709.k127_740284_2.pro_398102","AMRG.gc.v3.gene_3612","cfxA2",0.996,966,4,0,1,966,1,966,0,1719
"BL150113.k127_1381249.mgm_1783039","AMRG.gc.v3.gene_3326","blaR",0.996,1632,7,0,1,1632,127,1758,0,2903
"BL151215.k127_1375136.mgm_1782838","AMRG.gc.v3.gene_7034","HP",0.996,501,2,0,1,501,1,501,1.286e-274,890
"BL091222.k127_4286685_2.pro_2235687","AMRG.gc.v3.gene_3938","cml",0.995,1260,6,0,1,1260,1,1260,0,2232
"BL091222.k127_6034477.mgm_6844484","AMRG.gc.v3.gene_3407","arr2",0.995,453,2,0,1,453,1,453,1.802e-247,804
"BL100803.k127_2817305_1.pro_1440957","AMRG.gc.v3.gene_3164","mphA",0.995,906,5,0,1,906,1,906,0,1607
"BL140310.k127_250534_1.pro_155839","AMRG.gc.v3.gene_7693","HP",0.995,900,4,0,900,1,52,951,0,1596
"BL091222.k127_1946497.mgm_2239361","AMRG.gc.v3.gene_5693","cfxA6",0.994,996,6,0,1,996,1,996,0,1764
"BL091222.k127_5772896_1.pro_2933174","AMRG.gc.v3.gene_5054","blaMCA",0.994,1173,7,0,43,1215,1,1173,0,2072
"BL131015.k127_1418676.mgm_1840615","AMRG.gc.v3.gene_9957","HP",0.994,363,2,0,7,369,1,363,6.2e-196,643
"BL131105.k127_2371097.mgm_3043354","AMRG.gc.v3.gene_8781","sul1",0.994,378,2,0,16,393,1,378,1.644e-203,670
"BL111010.k127_2364478_1.pro_1352610","AMRG.gc.v3.gene_9542","intI1",0.992,265,2,0,265,1,2,266,1.364e-140,467
"BL111219.k127_587434.mgm_779197","AMRG.gc.v3.gene_11664","istB",0.992,786,6,0,786,1,1,786,0,1383
"BL120313.k127_1162275.mgm_1441510","AMRG.gc.v3.gene_4260","mphN",0.992,891,7,0,1,891,1,891,0,1566
"BL090421.k127_1114981_7.pro_732961","AMRG.gc.v3.gene_11650","intI9",0.991,929,8,0,929,1,32,960,0,1630
"BL090317.k127_4718247.mgm_5048966","AMRG.gc.v3.gene_8901","HP",0.99,543,5,0,569,28,1,543,4.887e-287,948
"BL151215.k127_2544388.mgm_3183845","AMRG.gc.v3.gene_11422","intI1",0.99,402,4,0,402,1,2,403,2.859e-215,704
"BL091222.k127_4063000_1.pro_2127002","AMRG.gc.v3.gene_319","Lnu(C)",0.989,495,5,0,1,495,1,495,3.388e-266,866
"BL091222.k127_6485224_2.pro_3258026","AMRG.gc.v3.gene_2447","blaOXA-427",0.989,795,9,0,1,795,1,795,0,1390
"BL110112.k127_39003.mgm_53532","AMRG.gc.v3.gene_7527","HP",0.989,276,3,0,16,291,1,276,3.633e-144,483
"BL121009.k127_2810712.mgm_3473745","AMRG.gc.v3.gene_7127","intI1",0.989,678,7,0,678,1,56,733,0,1185
"BL100803.k127_355935_3.pro_230963","AMRG.gc.v3.gene_1212","blaOXA-205",0.988,801,10,0,1,801,1,801,0,1396
"BL091006.k127_805406_1.pro_391762","AMRG.gc.v3.gene_3817","qacN",0.987,333,4,0,1,333,1,333,3.081e-176,580
"BL100803.k127_355935_2.pro_230962","AMRG.gc.v3.gene_9631","tnpA",0.987,1044,14,0,1044,1,1,1044,0,1814
"BL100914.k127_1171236_2.pro_843319","AMRG.gc.v3.gene_3682","blaOXA-134",0.987,822,11,0,1,822,1,822,0,1429
"BL100803.k127_658436.mgm_821735","AMRG.gc.v3.gene_11262","cmlA1",0.986,918,13,0,1,918,64,981,0,1592
"BL090609.k127_1857801_1.pro_1046467","AMRG.gc.v3.gene_9537","insB",0.984,504,8,0,504,1,1,504,2.777e-266,869
"BL091222.k127_4642209_1.pro_2405928","AMRG.gc.v3.gene_2046","qacK",0.984,333,5,0,1,333,1,333,1.447e-174,576
"BL100120.k127_1043238.mgm_1309982","AMRG.gc.v3.gene_4072","ereD",0.984,1164,19,0,1,1164,1,1164,0,2006
"BL100803.k127_294391_2.pro_191835","AMRG.gc.v3.gene_1369","blaOXA-504",0.984,795,13,0,1,795,1,795,0,1372
"BL100914.k127_2160199_4.pro_1409018","AMRG.gc.v3.gene_3565","bcrB",0.984,318,5,0,1,318,1,318,4.434e-166,549
"BL131015.k127_2082791_2.pro_1269830","AMRG.gc.v3.gene_2785","blaEFM-1",0.984,909,15,0,1,909,1,909,0,1567
"BL120313.k127_2542926.mgm_2960001","AMRG.gc.v3.gene_2787","blaECM-1",0.981,912,17,0,1,912,1,912,0,1559
"BL131015.k127_211392_1.pro_165538","AMRG.gc.v3.gene_9731","HP",0.977,849,20,0,1,849,1,849,0,1437
"BL131015.k127_374905.mgm_522023","AMRG.gc.v3.gene_11043","tnp",0.977,1032,24,0,13,1044,1,1032,0,1747
"BL091222.k127_2532637_1.pro_1344734","AMRG.gc.v3.gene_2602","blaFOX-16",0.975,1149,29,0,1,1149,1,1149,0,1935
"BL091006.k127_1973234_3.pro_1039568","AMRG.gc.v3.gene_7161","HP",0.974,1593,41,0,1,1593,1,1593,0,2672
"BL091222.k127_3788464_2.pro_1990895","AMRG.gc.v3.gene_10192","msrA",0.974,503,13,0,5,507,5,507,4.623e-257,844
"BL110112.k127_1794972_1.pro_1135446","AMRG.gc.v3.gene_3037","blaOXA-644",0.973,825,22,0,1,825,1,825,0,1381
"BL090317.k127_765878_23.pro_332368","AMRG.gc.v3.gene_3786","blaSGM-1",0.972,966,27,0,1,966,1,966,0,1611
"BL091222.k127_4415667_3.pro_2297517","AMRG.gc.v3.gene_3791","blaSGM-7",0.968,981,31,0,1,981,1,981,0,1620
"BL110913.k127_2855781_17.pro_1704147","AMRG.gc.v3.gene_4754","blaERB-2",0.968,708,23,0,1,708,1,708,0,1171
"BL091222.k127_5408940.mgm_6148329","AMRG.gc.v3.gene_11268","HP",0.966,327,11,0,327,1,1,327,3.128e-161,538
"BL100803.k127_3031377.mgm_3348449","AMRG.gc.v3.gene_3928","mefA",0.966,1125,38,0,1,1125,37,1161,0,1847
"BL141216.k127_5428889.mgm_6431529","AMRG.gc.v3.gene_9660","HP",0.966,936,32,0,936,1,1,936,0,1540
"BL150916.k127_1877841_1.pro_1195449","AMRG.gc.v3.gene_10089","dfrA",0.966,474,16,0,13,486,1,474,4.533e-235,779
"BL100803.k127_3295447.mgm_3629503","AMRG.gc.v3.gene_11267","HP",0.965,888,31,0,888,1,1,888,0,1454
"BL091222.k127_1639394.mgm_1952762","AMRG.gc.v3.gene_11037","HP",0.963,249,9,0,16,264,1,249,3.988e-119,407
"BL150916.k127_290273.mgm_390895","AMRG.gc.v3.gene_1715","blaVHH-1",0.962,852,32,0,1,852,1,852,0,1385
"BL091006.k127_2449187_1.pro_1275265","AMRG.gc.v3.gene_7692","HP",0.961,1314,51,0,1314,1,1,1314,0,2127
"BL090804.k127_1433230.mgm_1521792","AMRG.gc.v3.gene_11574","RelE",0.96,303,12,0,1,303,1,303,5.033e-146,491
"BL101019.k127_3656254.mgm_4434193","AMRG.gc.v3.gene_11331","aadA2",0.96,430,17,0,20,449,8,437,1.693e-206,696
"BL090609.k127_1119030_3.pro_681787","AMRG.gc.v3.gene_7758","tnpA",0.957,933,40,0,933,1,1,933,0,1494
"BL091222.k127_3788464_3.pro_1990896","AMRG.gc.v3.gene_10191","msrB",0.957,447,19,0,1,447,13,459,5.69e-216,717
"BL100322.k127_655978.mgm_695666","AMRG.gc.v3.gene_7510","smtr",0.956,1299,57,0,1299,1,1,1299,0,2078
"BL110208.k127_5217231_1.pro_2279058","AMRG.gc.v3.gene_8825","HP",0.954,288,13,0,1,288,1,288,6.456e-136,459
"BL100322.k127_505497.mgm_523637","AMRG.gc.v3.gene_11573","HP",0.953,258,12,0,1,258,1,258,1.364e-120,410
"BL091006.k127_1009544_1.pro_511522","AMRG.gc.v3.gene_8805","aadA1",0.951,372,18,0,22,393,1,372,1.175e-173,587
"BL110517.k127_2390208.mgm_2758350","AMRG.gc.v3.gene_3635","blaOXA-282",0.949,831,42,0,1,831,1,831,0,1302
"BL111129.k127_2013191.mgm_2346672","AMRG.gc.v3.gene_7043","HP",0.948,309,16,0,1,309,1,309,6.48e-143,483
"BL091222.k127_3517128.mgm_4004090","AMRG.gc.v3.gene_11164","HP",0.947,324,17,0,1,324,10,333,9.077e-150,506
"BL090210.k127_1054363.mgm_1223170","AMRG.gc.v3.gene_9453","tnpA",0.946,1468,79,0,72,1539,63,1530,0,2282
"BL120313.k127_3064035.mgm_3550606","AMRG.gc.v3.gene_8829","HP",0.944,681,38,0,1,681,1,681,0,1051
"BL090804.k127_336496.mgm_312756","AMRG.gc.v3.gene_11295","tniQ",0.943,1163,66,0,1164,2,1,1163,0,1790
"BL130917.k127_33910_1.pro_28685","AMRG.gc.v3.gene_7393","vco33",0.943,299,17,0,1,299,7,305,1.357e-133,461
"BL101019.k127_3827851.mgm_4632578","AMRG.gc.v3.gene_11245","aadA2",0.942,625,36,0,33,657,1,625,7.103e-287,960
"BL150113.k127_4126576.mgm_4875595","AMRG.gc.v3.gene_11665","tniB",0.942,417,24,0,417,1,37,453,5.472e-191,641
"BL090210.k127_635106.mgm_787020","AMRG.gc.v3.gene_9205","HP",0.941,291,17,0,1,291,1,291,3.79e-131,447
"BL091222.k127_4125535.mgm_4701346","AMRG.gc.v3.gene_681","blaAER-1",0.941,900,53,0,1,900,16,915,0,1377
"BL150210.k127_3769850.mgm_4479495","AMRG.gc.v3.gene_9651","HP",0.941,1236,73,0,1,1236,91,1326,0,1893
"BL130917.k127_1435132.mgm_1894271","AMRG.gc.v3.gene_11537","HP",0.94,317,19,0,35,351,5,321,1.937e-140,484
"BL131204.k127_2135141.mgm_2513563","AMRG.gc.v3.gene_4446","tetG",0.939,1176,72,0,1,1176,1,1176,0,1790
"BL091222.k127_1111950_2.pro_691282","AMRG.gc.v3.gene_11295","tniQ",0.938,1218,75,0,1218,1,1,1218,0,1848
"BL120703.k127_1611864_2.pro_1033570","AMRG.gc.v3.gene_11664","istB",0.936,786,50,0,786,1,1,786,0,1186
"BL150113.k127_2819379_32.pro_1643886","AMRG.gc.v3.gene_11295","tniQ",0.931,1218,84,0,1218,1,1,1218,0,1807
"BL100120.k127_3911592_1.pro_2031297","AMRG.gc.v3.gene_5054","blaMCA",0.93,1173,82,0,43,1215,1,1173,0,1736
"BL130917.k127_1600860_1.pro_1070049","AMRG.gc.v3.gene_3729","fosA",0.929,399,28,0,1,399,1,399,1.654e-174,591
"BL090609.k127_3370500_1.pro_1815013","AMRG.gc.v3.gene_9737","HP",0.925,360,27,0,1,360,1,360,3.739e-154,526
"BL131204.k127_2135141.mgm_2513562","AMRG.gc.v3.gene_9088","tetR",0.925,627,47,0,627,1,1,627,7.612e-273,914
"BL090609.k127_732290_2.pro_484854","AMRG.gc.v3.gene_11295","tniQ",0.924,1163,88,0,1164,2,1,1163,0,1691
"BL120313.k127_3213223.mgm_3718439","AMRG.gc.v3.gene_9207","HP",0.922,258,20,0,1,258,1,258,8.588e-108,374
"BL150210.k127_1686349_3.pro_1071110","AMRG.gc.v3.gene_11296","tniB",0.922,909,71,0,909,1,1,909,0,1317
"BL091105.k127_3785158_1.pro_2118554","AMRG.gc.v3.gene_7519","tnpA",0.92,1263,101,0,1,1263,1,1263,0,1816
"BL091222.k127_3876404_1.pro_2035160","AMRG.gc.v3.gene_9537","insB",0.92,504,40,0,504,1,1,504,9.925e-215,725
"BL090721.k127_1938762.mgm_2231821","AMRG.gc.v3.gene_11296","tniB",0.919,909,74,0,909,1,1,909,0,1303
"BL090113.k127_549634.mgm_688555","AMRG.gc.v3.gene_8089","HP",0.917,302,25,0,1,302,1,302,1.22e-124,431
"BL090609.k127_952442_1.pro_603549","AMRG.gc.v3.gene_6989","yqgF",0.917,423,35,0,423,1,1,423,4.617e-177,603
"BL100803.k127_3930894.mgm_4298300","AMRG.gc.v3.gene_7687","aadA1",0.917,339,28,0,1,339,1,339,8.393e-141,483
"BL121009.k127_1424450.mgm_1881598","AMRG.gc.v3.gene_9737","HP",0.916,360,30,0,1,360,1,360,1.763e-149,512
"BL121106.k127_239410.mgm_324812","AMRG.gc.v3.gene_9538","insA",0.915,273,23,0,273,1,1,273,1.563e-111,388
"BL090421.k127_280596.mgm_374608","AMRG.gc.v3.gene_10169","insF",0.91,1236,111,0,1,1236,1,1236,0,1719
"BL150916.k127_681006_1.pro_478119","AMRG.gc.v3.gene_11133","tniB",0.91,850,76,0,851,2,1,850,0,1184
"BL091222.k127_6520192_1.pro_3273893","AMRG.gc.v3.gene_9920","yqgF",0.909,419,38,0,419,1,5,423,5.249e-170,582
"BL110802.k127_1084488.mgm_1377474","AMRG.gc.v3.gene_7044","HP",0.908,604,55,0,3,606,24,627,1.432e-247,837
"BL141007.k127_895647.mgm_1202459","AMRG.gc.v3.gene_7043","HP",0.906,300,28,0,1,300,10,309,6.001e-119,414
"BL091222.k127_6454459_4.pro_3244075","AMRG.gc.v3.gene_449","tetQ",0.905,1926,183,0,1,1926,1,1926,0,2637
"BL111129.k127_1425306_1.pro_831114","AMRG.gc.v3.gene_11595","HP",0.903,811,78,0,804,1,63,873,0,1107
"BL111010.k127_2210215.mgm_2575768","AMRG.gc.v3.gene_11037","HP",0.902,245,24,0,28,270,5,249,6.308e-91,326
"BL091222.k127_3844319.mgm_4379512","AMRG.gc.v3.gene_9098","intI1",0.901,294,29,0,1,294,10,303,6.395e-114,398
"BL090915.k127_432437.mgm_411640","AMRG.gc.v3.gene_9205","HP",0.9,291,29,0,1,291,1,291,2.168e-112,393
"BL091222.k127_1386076.mgm_1697462","AMRG.gc.v3.gene_11163","HP",0.9,291,29,0,1,291,1,291,2.168e-112,393
